card_name,card_num,chara_name,comment,comment_name,date,filename,img_url,series,series_num,update_num,uploaded_img_url
パティシエのコーデ,61,あいの めぐみ,フリフリブラウスのパティシエのおようふく♪キュートだね♥,めぐみ,2014-03-16,img_card_hapiness01-61_6brkh58fhxe9.jpg,http://precure-live.com/allstars/image/precure-card/happiness01/06/img_card_hapiness01-61_6brkh58fhxe9.jpg,hapiness,1,6,0.0
パティシエのコーデ,62,しらゆき ひめ,パーティのケーキもパティシエにまかせてね♪どんなケーキをつくろうかな？,ひめ,2014-03-16,img_card_hapiness01-62_xcscby2f455k.jpg,http://precure-live.com/allstars/image/precure-card/happiness01/06/img_card_hapiness01-62_xcscby2f455k.jpg,hapiness,1,6,0.0
いちごケーキのコーデ,63,ほのかとありす,いちごがいっぱい♥いちごみたいにあまいボレロですわ♪,ありす,2014-03-16,img_card_hapiness01-63_6k34endwknhg.jpg,http://precure-live.com/allstars/image/precure-card/happiness01/06/img_card_hapiness01-63_6k34endwknhg.jpg,hapiness,1,6,0.0
いちごケーキのコーデ,64,しらゆき ひめ,ピンクレースにおおきなリボンでラブリーね♥いちごケーキみたい♪,ひめ,2014-03-16,img_card_hapiness01-64_buy3uzrmttnp.jpg,http://precure-live.com/allstars/image/precure-card/happiness01/06/img_card_hapiness01-64_buy3uzrmttnp.jpg,hapiness,1,6,0.0
0,65,リボン,0,0,2014-03-16,img_card_hapiness01-65_nxxca74jhw7d.jpg,http://precure-live.com/allstars/image/precure-card/happiness01/06/img_card_hapiness01-65_nxxca74jhw7d.jpg,hapiness,1,6,0.0
0,66,リボン,0,0,2014-03-16,img_card_hapiness01-66_eda3xukj3rt8.jpg,http://precure-live.com/allstars/image/precure-card/happiness01/06/img_card_hapiness01-66_eda3xukj3rt8.jpg,hapiness,1,6,0.0
0,67,リボン,0,0,2014-03-16,img_card_hapiness01-67_k7sk3sir9utz.jpg,http://precure-live.com/allstars/image/precure-card/happiness01/06/img_card_hapiness01-67_k7sk3sir9utz.jpg,hapiness,1,6,0.0
0,68,リボン,0,0,2014-03-16,img_card_hapiness01-68_e8d7824dxjm3.jpg,http://precure-live.com/allstars/image/precure-card/happiness01/06/img_card_hapiness01-68_e8d7824dxjm3.jpg,hapiness,1,6,0.0
0,69,リボン,0,0,2014-03-16,img_card_hapiness01-69_a488kc49wu3f.jpg,http://precure-live.com/allstars/image/precure-card/happiness01/06/img_card_hapiness01-69_a488kc49wu3f.jpg,hapiness,1,6,0.0
0,70,リボン,0,0,2014-03-16,img_card_hapiness01-70_czur6udwdzwm.jpg,http://precure-live.com/allstars/image/precure-card/happiness01/06/img_card_hapiness01-70_czur6udwdzwm.jpg,hapiness,1,6,0.0
0,71,リボン,0,0,2014-03-16,img_card_hapiness01-71_5na67am26wwe.jpg,http://precure-live.com/allstars/image/precure-card/happiness01/06/img_card_hapiness01-71_5na67am26wwe.jpg,hapiness,1,6,0.0
0,72,リボン,0,0,2014-03-16,img_card_hapiness01-72_zyxyudyck3dt.jpg,http://precure-live.com/allstars/image/precure-card/happiness01/06/img_card_hapiness01-72_zyxyudyck3dt.jpg,hapiness,1,6,0.0
チョコバナナのコーデ,73,きせ やよい,チョコチップをいっぱいちりばめたベストがキュートだね♪,やよい,2014-03-21,img_card_hapiness01-73_dywfd3un7fzt.jpg,http://precure-live.com/allstars/image/precure-card/happiness01/07/img_card_hapiness01-73_dywfd3un7fzt.jpg,hapiness,1,7,0.0
チョコバナナのコーデ,74,やまぶき いのり,チョコのレースがかわいいチョコバナナいろのフリルスカートだよ♪,いのり,2014-03-21,img_card_hapiness01-74_b9gkb52n2xuu.jpg,http://precure-live.com/allstars/image/precure-card/happiness01/07/img_card_hapiness01-74_b9gkb52n2xuu.jpg,hapiness,1,7,0.0
スイーツアップリケのコーデ,75,かなでとひめ,スイーツのアップリケがいっぱい！おいしそうにみえるね♪,かなで,2014-03-21,img_card_hapiness01-75_ejfj5az4mckd.jpg,http://precure-live.com/allstars/image/precure-card/happiness01/07/img_card_hapiness01-75_ejfj5az4mckd.jpg,hapiness,1,7,0.0
スイーツアップリケのコーデ,76,めぐみとまこと,カッコいいジャケットにおかしのアップリケがキュートだね♪,めぐみ,2014-03-21,img_card_hapiness01-76_98xib92ncf5t.jpg,http://precure-live.com/allstars/image/precure-card/happiness01/07/img_card_hapiness01-76_98xib92ncf5t.jpg,hapiness,1,7,0.0
0,77,リボン,0,0,2014-03-21,img_card_hapiness01-77_h5wmcx9xb6e2.jpg,http://precure-live.com/allstars/image/precure-card/happiness01/07/img_card_hapiness01-77_h5wmcx9xb6e2.jpg,hapiness,1,7,0.0
0,78,リボン,0,0,2014-03-21,img_card_hapiness01-78_azx6m28hr9e4.jpg,http://precure-live.com/allstars/image/precure-card/happiness01/07/img_card_hapiness01-78_azx6m28hr9e4.jpg,hapiness,1,7,0.0
0,79,リボン,0,0,2014-03-21,img_card_hapiness01-79_zmbpeb23n8gx.jpg,http://precure-live.com/allstars/image/precure-card/happiness01/07/img_card_hapiness01-79_zmbpeb23n8gx.jpg,hapiness,1,7,0.0
0,80,リボン,0,0,2014-03-21,img_card_hapiness01-80_83babwt9zw7x.jpg,http://precure-live.com/allstars/image/precure-card/happiness01/07/img_card_hapiness01-80_83babwt9zw7x.jpg,hapiness,1,7,0.0
0,81,リボン,0,0,2014-03-21,img_card_hapiness01-81_9r9cn4wsxa5k.jpg,http://precure-live.com/allstars/image/precure-card/happiness01/07/img_card_hapiness01-81_9r9cn4wsxa5k.jpg,hapiness,1,7,0.0
0,82,リボン,0,0,2014-03-21,img_card_hapiness01-82_hpfabny5jdin.jpg,http://precure-live.com/allstars/image/precure-card/happiness01/07/img_card_hapiness01-82_hpfabny5jdin.jpg,hapiness,1,7,0.0
0,83,リボン,0,0,2014-03-21,img_card_hapiness01-83_n4tgw82iwxkr.jpg,http://precure-live.com/allstars/image/precure-card/happiness01/07/img_card_hapiness01-83_n4tgw82iwxkr.jpg,hapiness,1,7,0.0
0,84,リボン,0,0,2014-03-21,img_card_hapiness01-84_8ehberah3hmw.jpg,http://precure-live.com/allstars/image/precure-card/happiness01/07/img_card_hapiness01-84_8ehberah3hmw.jpg,hapiness,1,7,0.0
パーティのコーデ,85,はなさき つぼみ,かわいいワンピースでおめかし♪パーティへいきましょう♪,つぼみ,2014-04-02,img_card_hapiness01-85_uibkensk444n.jpg,http://precure-live.com/allstars/image/precure-card/happiness01/08/img_card_hapiness01-85_uibkensk444n.jpg,hapiness,1,8,0.0
パーティのコーデ,86,くるみ えりか,きぶんはおひめさま♥パーティをたのしもう♪,えりか,2014-04-02,img_card_hapiness01-86_428h3cdubhj3.jpg,http://precure-live.com/allstars/image/precure-card/happiness01/08/img_card_hapiness01-86_428h3cdubhj3.jpg,hapiness,1,8,0.0
アイ♥スイーツのコーデ,87,ラブとマナ,みんながだいすきなおかしがいっぱい！アイラブスイーツ♥,ラブ,2014-04-02,img_card_hapiness01-87_7hhga2dgthmb.jpg,http://precure-live.com/allstars/image/precure-card/happiness01/08/img_card_hapiness01-87_7hhga2dgthmb.jpg,hapiness,1,8,0.0
アイ♥スイーツのコーデ,88,りんとのぞみ,スイーツがいっぱいすごくおいしそう！アイラブスイーツ♥,りん,2014-04-02,img_card_hapiness01-88_fz3ha6cjhy3j.jpg,http://precure-live.com/allstars/image/precure-card/happiness01/08/img_card_hapiness01-88_fz3ha6cjhy3j.jpg,hapiness,1,8,0.0
0,89,リボン,0,0,2014-04-02,img_card_hapiness01-89_99swyw8x5wry.jpg,http://precure-live.com/allstars/image/precure-card/happiness01/08/img_card_hapiness01-89_99swyw8x5wry.jpg,hapiness,1,8,0.0
0,90,リボン,0,0,2014-04-02,img_card_hapiness01-90_fzi7uh4eh82z.jpg,http://precure-live.com/allstars/image/precure-card/happiness01/08/img_card_hapiness01-90_fzi7uh4eh82z.jpg,hapiness,1,8,0.0
0,91,リボン,0,0,2014-04-02,img_card_hapiness01-91_gdbnrzgt2n42.jpg,http://precure-live.com/allstars/image/precure-card/happiness01/08/img_card_hapiness01-91_gdbnrzgt2n42.jpg,hapiness,1,8,0.0
0,92,リボン,0,0,2014-04-02,img_card_hapiness01-92_rpixtjyz8igd.jpg,http://precure-live.com/allstars/image/precure-card/happiness01/08/img_card_hapiness01-92_rpixtjyz8igd.jpg,hapiness,1,8,0.0
0,93,リボン,0,0,2014-04-02,img_card_hapiness01-93_f3sy8fr7gip2.jpg,http://precure-live.com/allstars/image/precure-card/happiness01/08/img_card_hapiness01-93_f3sy8fr7gip2.jpg,hapiness,1,8,0.0
0,94,リボン,0,0,2014-04-02,img_card_hapiness01-94_7zjsp9f97dju.jpg,http://precure-live.com/allstars/image/precure-card/happiness01/08/img_card_hapiness01-94_7zjsp9f97dju.jpg,hapiness,1,8,0.0
0,95,リボン,0,0,2014-04-02,img_card_hapiness01-95_wweyc4b69da6.jpg,http://precure-live.com/allstars/image/precure-card/happiness01/08/img_card_hapiness01-95_wweyc4b69da6.jpg,hapiness,1,8,0.0
0,96,リボン,0,0,2014-04-02,img_card_hapiness01-96_2s347t6p7ze3.jpg,http://precure-live.com/allstars/image/precure-card/happiness01/08/img_card_hapiness01-96_2s347t6p7ze3.jpg,hapiness,1,8,0.0
カラフルスイーツのコーデ,97,めぐみとひめ,スイーツがもりだくさんのパーカーだよ♪どれがおいしいかなあ？,めぐみ,2014-04-07,img_card_hapiness01-97_8dgsw8z54dnd.jpg,http://precure-live.com/allstars/image/precure-card/happiness01/09/img_card_hapiness01-97_8dgsw8z54dnd.jpg,hapiness,1,9,0.0
カラフルスイーツのコーデ,98,せつなとれいか,キュートなスイーツもようにスタッズベルトでカッコよくきれますね♪,れいか,2014-04-07,img_card_hapiness01-98_teibteiua33c.jpg,http://precure-live.com/allstars/image/precure-card/happiness01/09/img_card_hapiness01-98_teibteiua33c.jpg,hapiness,1,9,0.0
マカロンのコーデ,99,ひしかわ りっか,ふわふわなマカロンみたいなパステルカラーのチュニックよ♪,りっか,2014-04-07,img_card_hapiness01-99_phkhpna8pd77.jpg,http://precure-live.com/allstars/image/precure-card/happiness01/09/img_card_hapiness01-99_phkhpna8pd77.jpg,hapiness,1,9,0.0
マカロンのコーデ,100,みしょう まい,ふわふわフリルとマカロンがらタイツでラブリーなコーデです♪,まい,2014-04-07,img_card_hapiness01-100_zx2s2gcjp46p.jpg,http://precure-live.com/allstars/image/precure-card/happiness01/09/img_card_hapiness01-100_zx2s2gcjp46p.jpg,hapiness,1,9,0.0
0,101,リボン,0,0,2014-04-07,img_card_hapiness01-101_z4g57zcfi3ru.jpg,http://precure-live.com/allstars/image/precure-card/happiness01/09/img_card_hapiness01-101_z4g57zcfi3ru.jpg,hapiness,1,9,0.0
0,102,リボン,0,0,2014-04-04,img_card_hapiness01-102_ri9w7cgrf72h.jpg,http://precure-live.com/allstars/image/precure-card/happiness01/09/img_card_hapiness01-102_ri9w7cgrf72h.jpg,hapiness,1,9,0.0
0,103,リボン,0,0,2014-04-04,img_card_hapiness01-103_wizjisenjn9n.jpg,http://precure-live.com/allstars/image/precure-card/happiness01/09/img_card_hapiness01-103_wizjisenjn9n.jpg,hapiness,1,9,0.0
0,104,リボン,0,0,2014-04-04,img_card_hapiness01-104_5ihmt3e3prnp.jpg,http://precure-live.com/allstars/image/precure-card/happiness01/09/img_card_hapiness01-104_5ihmt3e3prnp.jpg,hapiness,1,9,0.0
0,105,リボン,0,0,2014-04-04,img_card_hapiness01-105_b92uyfamjz4t.jpg,http://precure-live.com/allstars/image/precure-card/happiness01/09/img_card_hapiness01-105_b92uyfamjz4t.jpg,hapiness,1,9,0.0
0,106,リボン,0,0,2014-04-04,img_card_hapiness01-106_mpjwkamsn3gc.jpg,http://precure-live.com/allstars/image/precure-card/happiness01/09/img_card_hapiness01-106_mpjwkamsn3gc.jpg,hapiness,1,9,0.0
0,107,リボン,0,0,2014-04-04,img_card_hapiness01-107_khxtbkp8rt6s.jpg,http://precure-live.com/allstars/image/precure-card/happiness01/09/img_card_hapiness01-107_khxtbkp8rt6s.jpg,hapiness,1,9,0.0
0,108,リボン,0,0,2014-04-04,img_card_hapiness01-108_6c444ydm8mfs.jpg,http://precure-live.com/allstars/image/precure-card/happiness01/09/img_card_hapiness01-108_6c444ydm8mfs.jpg,hapiness,1,9,0.0
0,109,0,0,0,2014-04-11,img_card_hapiness01-109_zjbhdtpud73r.jpg,http://precure-live.com/allstars/image/precure-card/happiness01/10/img_card_hapiness01-109_zjbhdtpud73r.jpg,hapiness,1,10,0.0
0,110,0,0,0,2014-04-11,img_card_hapiness01-110_u423pxkpdtnt.jpg,http://precure-live.com/allstars/image/precure-card/happiness01/10/img_card_hapiness01-110_u423pxkpdtnt.jpg,hapiness,1,10,0.0
0,111,0,0,0,2014-04-11,img_card_hapiness01-111_cmmzpf6bruf5.jpg,http://precure-live.com/allstars/image/precure-card/happiness01/10/img_card_hapiness01-111_cmmzpf6bruf5.jpg,hapiness,1,10,0.0
0,112,0,0,0,2014-04-11,img_card_hapiness01-112_ifbb43h5fnk7.jpg,http://precure-live.com/allstars/image/precure-card/happiness01/10/img_card_hapiness01-112_ifbb43h5fnk7.jpg,hapiness,1,10,0.0
0,113,0,0,0,2014-04-11,img_card_hapiness01-113_wd33k83p49m6.jpg,http://precure-live.com/allstars/image/precure-card/happiness01/10/img_card_hapiness01-113_wd33k83p49m6.jpg,hapiness,1,10,0.0
0,114,0,0,0,2014-04-11,img_card_hapiness01-114_jxxj3p742efj.jpg,http://precure-live.com/allstars/image/precure-card/happiness01/10/img_card_hapiness01-114_jxxj3p742efj.jpg,hapiness,1,10,0.0
0,115,0,0,0,2014-04-11,img_card_hapiness01-115_sh9i6ph85byn.jpg,http://precure-live.com/allstars/image/precure-card/happiness01/10/img_card_hapiness01-115_sh9i6ph85byn.jpg,hapiness,1,10,0.0
0,116,0,0,0,2014-04-11,img_card_hapiness01-116_z27mmge2diw6.jpg,http://precure-live.com/allstars/image/precure-card/happiness01/10/img_card_hapiness01-116_z27mmge2diw6.jpg,hapiness,1,10,0.0
0,117,0,0,0,2014-04-11,img_card_hapiness01-117_zymkxu6c2iag.jpg,http://precure-live.com/allstars/image/precure-card/happiness01/10/img_card_hapiness01-117_zymkxu6c2iag.jpg,hapiness,1,10,0.0
0,118,0,0,0,2014-04-11,img_card_hapiness01-118_ihj5ji58rpyh.jpg,http://precure-live.com/allstars/image/precure-card/happiness01/10/img_card_hapiness01-118_ihj5ji58rpyh.jpg,hapiness,1,10,0.0
0,119,0,0,0,2014-04-11,img_card_hapiness01-119_mwaxeds5c3u6.jpg,http://precure-live.com/allstars/image/precure-card/happiness01/10/img_card_hapiness01-119_mwaxeds5c3u6.jpg,hapiness,1,10,0.0
0,120,0,0,0,2014-04-11,img_card_hapiness01-120_u5rf2r5iw2f3.jpg,http://precure-live.com/allstars/image/precure-card/happiness01/10/img_card_hapiness01-120_u5rf2r5iw2f3.jpg,hapiness,1,10,0.0
